pdb/2MKN	pdb/2MKN
pdb/1YVP	pdb/1YVP
pdb/1YVP	pdb/2I91
pdb/3PF5	pdb/3PF5
pdb/3PF5	pdb/3PF4
pdb/4KR6	pdb/4KR6
pdb/4KR6	pdb/4KR7
pdb/4KR6	pdb/4KR9
pdb/2LI8	pdb/2LI8
pdb/7F36	pdb/7F36
pdb/7R97	pdb/7R97
pdb/6GV4	pdb/6GV4
pdb/2ANR	pdb/2ANR
pdb/2ANR	pdb/2ANN
pdb/6RTI	pdb/6RTI
pdb/2VPL	pdb/2VPL
pdb/3CZ3	pdb/3CZ3
pdb/3CZ3	pdb/2ZI0
pdb/5A0V	pdb/5A0V
pdb/5A0V	pdb/5A0T
pdb/1YYW	pdb/1YYW
pdb/1YYW	pdb/1YYO
pdb/1YYW	pdb/2NUF
pdb/1YYW	pdb/4M2Z
pdb/1YYW	pdb/1RC7
pdb/1YYW	pdb/4M30
pdb/1YYW	pdb/2NUG
pdb/1YYW	pdb/1YZ9
pdb/1YYW	pdb/2EZ6
pdb/1YYW	pdb/1YYK
pdb/1YYW	pdb/2NUE
pdb/3D2S	pdb/3D2S
pdb/5ZW4	pdb/5ZW4
pdb/7D8C	pdb/7D8C
pdb/7D8C	pdb/6W62
pdb/6WW6	pdb/6WW6
pdb/7RGU	pdb/7RGU
pdb/5OC6	pdb/5OC6
pdb/4QOZ	pdb/4QOZ
pdb/2RSK	pdb/2RSK
pdb/2RSK	pdb/2RU7
pdb/3VYX	pdb/3VYX
pdb/8H0S	pdb/8H0S
pdb/7DD3	pdb/7DD3
pdb/7OI3	pdb/7OI3
pdb/7OI3	pdb/4UFT
pdb/7OI3	pdb/6H5Q
pdb/7OI3	pdb/6H5S
pdb/7BZF	pdb/7BZF
pdb/7BZF	pdb/7AAP
pdb/7BZF	pdb/7BV2
pdb/7BZF	pdb/7L1F
pdb/7BZF	pdb/7B3C
pdb/7BZF	pdb/7B3D
pdb/7BZF	pdb/7OZU
pdb/7BZF	pdb/7OZV
pdb/7BZF	pdb/7B3B
pdb/7BZF	pdb/7DFH
pdb/7BZF	pdb/7DOI
pdb/7BZF	pdb/7CTT
pdb/7BZF	pdb/6XQB
pdb/7BZF	pdb/7DFG
pdb/3MJ0	pdb/3MJ0
pdb/7VTI	pdb/7VTI
pdb/7VTI	pdb/7VTN
pdb/5WWW	pdb/5WWW
pdb/5U4J	pdb/5U4J
pdb/2ZZN	pdb/2ZZN
pdb/2ZZN	pdb/2ZZM
pdb/3AMT	pdb/3AMT
pdb/3AMT	pdb/3AMU
pdb/6L1W	pdb/6L1W
pdb/7PMM	pdb/7PMM
pdb/2AZ0	pdb/2AZ0
pdb/2AZ0	pdb/2AZ2
pdb/4K4U	pdb/4K4U
pdb/4K4U	pdb/4K4S
pdb/4K4U	pdb/4K4T
pdb/4K4U	pdb/4K4W
pdb/1SER	pdb/1SER
pdb/6DTD	pdb/6DTD
pdb/4Y91	pdb/4Y91
pdb/6ZM2	pdb/6ZM2
pdb/7SLP	pdb/7SLP
pdb/7SLP	pdb/7SLQ
pdb/7SLP	pdb/6DCB
pdb/7SLP	pdb/6DCC
pdb/5BTE	pdb/5BTE
pdb/2DEU	pdb/2DEU
pdb/2DEU	pdb/2DET
pdb/2DEU	pdb/2DER
pdb/3ZN8	pdb/3ZN8
pdb/5LTA	pdb/5LTA
pdb/1G1X	pdb/1G1X
pdb/1G1X	pdb/1DK1
pdb/1G1X	pdb/1KUQ
pdb/1G1X	pdb/1F7Y
pdb/6SNJ	pdb/6SNJ
pdb/6SNJ	pdb/6GBM
pdb/5N8M	pdb/5N8M
pdb/5N8M	pdb/3ADL
pdb/5N8M	pdb/5N8L
pdb/6AAY	pdb/6AAY
pdb/4BHH	pdb/4BHH
pdb/7D8O	pdb/7D8O
pdb/7D8O	pdb/2XDB
pdb/7D8O	pdb/2XD0
pdb/7D8O	pdb/2XDD
pdb/1AV6	pdb/1AV6
pdb/3BOY	pdb/3BOY
pdb/3BOY	pdb/1WPU
pdb/3BOY	pdb/1WMQ
pdb/3BOY	pdb/1WRQ
pdb/5UD5	pdb/5UD5
pdb/5UD5	pdb/5V6X
pdb/3HSB	pdb/3HSB
pdb/3HSB	pdb/3AHU
pdb/3T3O	pdb/3T3O
pdb/3T3O	pdb/3T3N
pdb/6XLV	pdb/6XLV
pdb/6XLV	pdb/2G4B
pdb/6XLV	pdb/6XLW
pdb/6XLV	pdb/2YH1
pdb/6XLV	pdb/6XLX
pdb/1MZP	pdb/1MZP
pdb/4XCO	pdb/4XCO
pdb/4XCO	pdb/1L9A
pdb/4XCO	pdb/1LNG
pdb/4IJS	pdb/4IJS
pdb/3QSY	pdb/3QSY
pdb/7EWQ	pdb/7EWQ
pdb/7DMQ	pdb/7DMQ
pdb/5XWY	pdb/5XWY
pdb/5E02	pdb/5E02
pdb/3KTV	pdb/3KTV
pdb/6LT7	pdb/6LT7
pdb/8EG0	pdb/8EG0
pdb/8EG0	pdb/8D9L
pdb/2RS2	pdb/2RS2
pdb/4RDX	pdb/4RDX
pdb/6ZLC	pdb/6ZLC
pdb/6ZLC	pdb/6SX2
pdb/6ZLC	pdb/6SX0
pdb/4KJI	pdb/4KJI
pdb/4BS2	pdb/4BS2
pdb/7VG3	pdb/7VG3
pdb/7VG3	pdb/7VG2
pdb/3NVI	pdb/3NVI
pdb/3NVI	pdb/6TPH
pdb/6D12	pdb/6D12
pdb/7TUV	pdb/7TUV
pdb/2CT8	pdb/2CT8
pdb/2CT8	pdb/2CSX
pdb/6SCF	pdb/6SCF
pdb/1HQ1	pdb/1HQ1
pdb/1HQ1	pdb/2PXB
pdb/1HQ1	pdb/2PXT
pdb/1HQ1	pdb/2PXU
pdb/1HQ1	pdb/2PXQ
pdb/1HQ1	pdb/2PXD
pdb/1HQ1	pdb/2PXF
pdb/1HQ1	pdb/2PXK
pdb/1HQ1	pdb/2PXL
pdb/1HQ1	pdb/2PXV
pdb/1HQ1	pdb/2PXP
pdb/1HQ1	pdb/2PXE
pdb/1HQ1	pdb/1DUL
pdb/1HQ1	pdb/3LQX
pdb/1EIY	pdb/1EIY
pdb/1EIY	pdb/2IY5
pdb/6ZDP	pdb/6ZDP
pdb/1P6V	pdb/1P6V
pdb/2ATW	pdb/2ATW
pdb/2ATW	pdb/2ASB
pdb/6Y4B	pdb/6Y4B
pdb/5C9H	pdb/5C9H
pdb/7N0B	pdb/7N0B
pdb/7N0B	pdb/7N0C
pdb/1ZBH	pdb/1ZBH
pdb/1ZBH	pdb/4L8R
pdb/1A9N	pdb/1A9N
pdb/5YYN	pdb/5YYN
pdb/5YYN	pdb/5B63
pdb/3AGV	pdb/3AGV
pdb/8AW3	pdb/8AW3
pdb/1DI2	pdb/1DI2
pdb/5Y6Z	pdb/5Y6Z
pdb/5Y6Z	pdb/6KWR
pdb/5Y6Z	pdb/6LSE
pdb/5Y6Z	pdb/5F8M
pdb/5Y6Z	pdb/5F8L
pdb/5Y6Z	pdb/5F8H
pdb/5Y6Z	pdb/5F8J
pdb/5Y6Z	pdb/6LSF
pdb/5Y6Z	pdb/6LSG
pdb/5Y6Z	pdb/7W9S
pdb/5Y6Z	pdb/5F8I
pdb/5Y6Z	pdb/6KWQ
pdb/5Y6Z	pdb/5F8G
pdb/5Y6Z	pdb/5F8N
pdb/5Y6Z	pdb/6LSH
pdb/4Z7L	pdb/4Z7L
pdb/2ZNI	pdb/2ZNI
pdb/2MQO	pdb/2MQO
pdb/7MJX	pdb/7MJX
pdb/7MJX	pdb/7MJY
pdb/7MJX	pdb/7MJV
pdb/7MJX	pdb/7MJW
pdb/1ZO1	pdb/1ZO1
pdb/3V11	pdb/3V11
pdb/2MGZ	pdb/2MGZ
pdb/2MGZ	pdb/2RU3
pdb/2MGZ	pdb/4CIO
pdb/2MGZ	pdb/6JVX
pdb/2MQQ	pdb/2MQQ
pdb/6BU9	pdb/6BU9
pdb/3SN2	pdb/3SN2
pdb/2VOD	pdb/2VOD
pdb/2VOD	pdb/2VOP
pdb/2VOD	pdb/1YTY
pdb/2VOD	pdb/2VON
pdb/2VOD	pdb/2VOO
pdb/2VOD	pdb/1ZH5
pdb/7SOR	pdb/7SOR
pdb/3NNH	pdb/3NNH
pdb/7JL0	pdb/7JL0
pdb/7JL0	pdb/6H66
pdb/7JL0	pdb/6G1X
pdb/7JL0	pdb/6G1S
pdb/7JL0	pdb/6H61
pdb/7JL0	pdb/6GJZ
pdb/7JL0	pdb/6G19
pdb/7JL0	pdb/6GKM
pdb/7JL0	pdb/7BKP
pdb/7JL0	pdb/6GKH
pdb/7JL0	pdb/7NIQ
pdb/7JL0	pdb/7NIC
pdb/7JL0	pdb/7NGA
pdb/7JL0	pdb/7BKQ
pdb/5ZEY	pdb/5ZEY
pdb/1JBS	pdb/1JBS
pdb/1JBS	pdb/1JBT
pdb/1JBS	pdb/1JBR
pdb/7WL0	pdb/7WL0
pdb/7WL0	pdb/7WKV
pdb/7WL0	pdb/7V4G
pdb/3V71	pdb/3V71
pdb/5W3V	pdb/5W3V
pdb/5W3V	pdb/5Z98
pdb/4JVH	pdb/4JVH
pdb/6M6V	pdb/6M6V
pdb/3W3S	pdb/3W3S
pdb/7QDE	pdb/7QDE
pdb/7QDE	pdb/7QDD
pdb/4PKD	pdb/4PKD
pdb/5DAR	pdb/5DAR
pdb/5DAR	pdb/5D6G
pdb/5DAR	pdb/5D8H
pdb/6SDW	pdb/6SDW
pdb/6SDW	pdb/6SDY
pdb/1SDS	pdb/1SDS
pdb/1QU2	pdb/1QU2
pdb/1QU2	pdb/1QU3
pdb/1QU2	pdb/1FFY
pdb/3R9X	pdb/3R9X
pdb/3R9X	pdb/3IEV
pdb/3R9X	pdb/3R9W
pdb/3R9X	pdb/3FTE
pdb/3R9X	pdb/3FTF
pdb/2FK6	pdb/2FK6
pdb/2FK6	pdb/4GCW
pdb/5L2L	pdb/5L2L
pdb/6WXY	pdb/6WXY
pdb/4M6D	pdb/4M6D
pdb/4M6D	pdb/4M4O
pdb/7DIC	pdb/7DIC
pdb/7DIC	pdb/7DOL
pdb/4U8T	pdb/4U8T
pdb/5DET	pdb/5DET
pdb/4TV0	pdb/4TV0
pdb/2A8V	pdb/2A8V
pdb/3DH3	pdb/3DH3
pdb/8B0I	pdb/8B0I
pdb/1ETF	pdb/1ETF
pdb/1ETF	pdb/1ETG
pdb/3BT7	pdb/3BT7
pdb/5U9B	pdb/5U9B
pdb/7UJ1	pdb/7UJ1
pdb/7ENI	pdb/7ENI
pdb/7ENI	pdb/7ENR
pdb/3Q2T	pdb/3Q2T
pdb/3Q2T	pdb/3MDG
pdb/3Q2T	pdb/3MDI
pdb/3IVK	pdb/3IVK
pdb/7ASA	pdb/7ASA
pdb/3J0Q	pdb/3J0Q
pdb/3J0Q	pdb/3J0P
pdb/4FTB	pdb/4FTB
pdb/4FTB	pdb/4FTE
pdb/4FTB	pdb/4FTS
pdb/4FTB	pdb/3LOB
pdb/4FTB	pdb/2BBV
pdb/4FTB	pdb/4FSJ
pdb/4TU0	pdb/4TU0
pdb/7P9I	pdb/7P9I
pdb/2W2H	pdb/2W2H
pdb/5X3Z	pdb/5X3Z
pdb/3B0V	pdb/3B0V
pdb/3B0V	pdb/3B0U
pdb/2N3O	pdb/2N3O
pdb/2N3O	pdb/2AD9
pdb/4PDB	pdb/4PDB
pdb/7ZKI	pdb/7ZKI
pdb/1VFG	pdb/1VFG
pdb/1VFG	pdb/4WC2
pdb/1VFG	pdb/4X0A
pdb/1VFG	pdb/4WC3
pdb/1VFG	pdb/4WC6
pdb/1VFG	pdb/4WC7
pdb/1VFG	pdb/4X0B
pdb/1VFG	pdb/4WC5
pdb/1VFG	pdb/4WC4
pdb/1B2M	pdb/1B2M
pdb/6JIM	pdb/6JIM
pdb/2N8L	pdb/2N8L
pdb/2N8L	pdb/2N8M
pdb/1DV4	pdb/1DV4
pdb/2RRA	pdb/2RRA
pdb/2RRA	pdb/2KXN
pdb/1MJ1	pdb/1MJ1
pdb/1MJ1	pdb/1B23
pdb/7R9G	pdb/7R9G
pdb/7R9G	pdb/7R9F
pdb/5V7C	pdb/5V7C
pdb/7F1M	pdb/7F1M
pdb/5DTO	pdb/5DTO
pdb/1NB7	pdb/1NB7
pdb/4WAN	pdb/4WAN
pdb/4WAN	pdb/4WAL
pdb/3TRZ	pdb/3TRZ
pdb/3TRZ	pdb/3TS2
pdb/3TRZ	pdb/5UDZ
pdb/3TRZ	pdb/3TS0
pdb/5HR7	pdb/5HR7
pdb/5HR7	pdb/5HR6
pdb/2JEA	pdb/2JEA
pdb/2B3J	pdb/2B3J
pdb/5CCX	pdb/5CCX
pdb/5CCX	pdb/5CCB
pdb/2A1R	pdb/2A1R
pdb/7UML	pdb/7UML
pdb/7UML	pdb/7UMK
pdb/5I9F	pdb/5I9F
pdb/5I9F	pdb/5I9G
pdb/5I9F	pdb/5I9D
pdb/5I9F	pdb/5I9H
pdb/1IL2	pdb/1IL2
pdb/1IL2	pdb/1C0A
pdb/1H4S	pdb/1H4S
pdb/1H4S	pdb/1H4Q
pdb/5KL1	pdb/5KL1
pdb/5KL1	pdb/5KLA
pdb/5KL1	pdb/5KL8
pdb/3WBM	pdb/3WBM
pdb/3EPH	pdb/3EPH
pdb/3EPH	pdb/3EPL
pdb/3EPH	pdb/3EPK
pdb/3EPH	pdb/3EPJ
pdb/8AF0	pdb/8AF0
pdb/2OZB	pdb/2OZB
pdb/2OZB	pdb/3SIU
pdb/6O5F	pdb/6O5F
pdb/6PUN	pdb/6PUN
pdb/6PUN	pdb/7RZZ
pdb/6PUN	pdb/3K5Z
pdb/6PUN	pdb/6NOH
pdb/6PUN	pdb/3K62
pdb/6PUN	pdb/3QGC
pdb/6PUN	pdb/3K5Y
pdb/6PUN	pdb/3QGB
pdb/6PUN	pdb/3K61
pdb/6PUN	pdb/3K64
pdb/6PUN	pdb/6NOF
pdb/6PUN	pdb/3QG9
pdb/6PUN	pdb/6NOC
pdb/6PUN	pdb/7S02
pdb/6PUN	pdb/3K5Q
pdb/6PUN	pdb/3V6Y
pdb/6PUN	pdb/3V74
pdb/5WS2	pdb/5WS2
pdb/5WS2	pdb/6LLB
pdb/5WS2	pdb/5HAB
pdb/7WNU	pdb/7WNU
pdb/6LVR	pdb/6LVR
pdb/8H2H	pdb/8H2H
pdb/8H2H	pdb/5G2X
pdb/8H2H	pdb/7D0G
pdb/8H2H	pdb/7D0F
pdb/8H2H	pdb/7D1A
pdb/3UZS	pdb/3UZS
pdb/3UZS	pdb/3UZT
pdb/2V3C	pdb/2V3C
pdb/2V3C	pdb/3NDB
pdb/1K8W	pdb/1K8W
pdb/1K8W	pdb/1ZL3
pdb/6WRE	pdb/6WRE
pdb/6WRE	pdb/4J7L
pdb/6WRE	pdb/4J7M
pdb/7F3J	pdb/7F3J
pdb/7F3J	pdb/7F3K
pdb/7F3J	pdb/7F3I
pdb/7F3J	pdb/6A6J
pdb/7F3J	pdb/5YTT
pdb/2KG0	pdb/2KG0
pdb/6WUA	pdb/6WUA
pdb/3OIN	pdb/3OIN
pdb/3OIN	pdb/3OIJ
pdb/6FPX	pdb/6FPX
pdb/6FPX	pdb/6FPQ
pdb/6FPX	pdb/5DNO
pdb/6FPX	pdb/5EIM
pdb/1NYB	pdb/1NYB
pdb/7ELD	pdb/7ELD
pdb/7ELD	pdb/7ELE
pdb/1KNZ	pdb/1KNZ
pdb/3WFS	pdb/3WFS
pdb/1ASZ	pdb/1ASZ
pdb/1ASZ	pdb/1ASY
pdb/6YUD	pdb/6YUD
pdb/5HK0	pdb/5HK0
pdb/1I6U	pdb/1I6U
pdb/2XKV	pdb/2XKV
pdb/7N3O	pdb/7N3O
pdb/1U0B	pdb/1U0B
pdb/4QQB	pdb/4QQB
pdb/4QQB	pdb/1B7F
pdb/7UO1	pdb/7UO1
pdb/7UO1	pdb/7UO0
pdb/7UO1	pdb/7UO2
pdb/7UO1	pdb/7UO5
pdb/4YYE	pdb/4YYE
pdb/6STY	pdb/6STY
pdb/4WJ4	pdb/4WJ4
pdb/6XMG	pdb/6XMG
pdb/6XMG	pdb/6XMF
pdb/5F6C	pdb/5F6C
pdb/5F6C	pdb/2C0B
pdb/5F6C	pdb/2BX2
pdb/5F6C	pdb/2C4R
pdb/7AF8	pdb/7AF8
pdb/7AF8	pdb/7AFN
pdb/7AF8	pdb/7AFD
pdb/7AF8	pdb/7AFK
pdb/7AF8	pdb/7AF5
pdb/7AF8	pdb/7AFA
pdb/7AF8	pdb/7AFH
pdb/6O7B	pdb/6O7B
pdb/5HC9	pdb/5HC9
pdb/4OOG	pdb/4OOG
pdb/4OOG	pdb/1T4L
pdb/4OOG	pdb/2LBS
pdb/4OOG	pdb/2LUP
pdb/8GXC	pdb/8GXC
pdb/8GXC	pdb/1M5P
pdb/8GXC	pdb/3CUL
pdb/8GXC	pdb/3CUN
pdb/8GXC	pdb/5DDR
pdb/8GXC	pdb/1M5V
pdb/8GXC	pdb/1M5K
pdb/8GXC	pdb/6LAS
pdb/8GXC	pdb/3G8S
pdb/8GXC	pdb/3K0J
pdb/8GXC	pdb/6LAZ
pdb/8GXC	pdb/8GXB
pdb/8GXC	pdb/2NZ4
pdb/8GXC	pdb/6LAU
pdb/8GXC	pdb/1URN
pdb/8GXC	pdb/6LAX
pdb/8GXC	pdb/6SQN
pdb/8GXC	pdb/5DDQ
pdb/8GXC	pdb/3G96
pdb/8GXC	pdb/3G9C
pdb/8GXC	pdb/3L3C
pdb/8GXC	pdb/3G8T
pdb/8GXC	pdb/7DLZ
pdb/8GXC	pdb/7DWH
pdb/8GXC	pdb/5DDO
pdb/4O26	pdb/4O26
pdb/6NOD	pdb/6NOD
pdb/6NOD	pdb/7CGM
pdb/6NOD	pdb/7CGG
pdb/6NOD	pdb/7CGK
pdb/6NOD	pdb/7CGF
pdb/6NOD	pdb/7CGI
pdb/6NOD	pdb/7CGH
pdb/6NOD	pdb/7CGL
pdb/6NOD	pdb/7CGJ
pdb/2XZL	pdb/2XZL
pdb/2J0S	pdb/2J0S
pdb/1OOA	pdb/1OOA
pdb/7UU5	pdb/7UU5
pdb/7UU5	pdb/7UU4
pdb/7UU5	pdb/8EDJ
pdb/7UU5	pdb/7UU3
pdb/5DE8	pdb/5DE8
pdb/5DE8	pdb/5DE5
pdb/5DE8	pdb/5DEA
pdb/6H9H	pdb/6H9H
pdb/6H9H	pdb/6H9I
pdb/5SUP	pdb/5SUP
pdb/8H1B	pdb/8H1B
pdb/4L8H	pdb/4L8H
pdb/7OZQ	pdb/7OZQ
pdb/7OZQ	pdb/5XTM
pdb/7OZQ	pdb/5Y7M
pdb/7OZQ	pdb/5DCV
pdb/1F7U	pdb/1F7U
pdb/1F7U	pdb/1F7V
pdb/2PO1	pdb/2PO1
pdb/7PO6	pdb/7PO6
pdb/7PO6	pdb/2MTV
pdb/7PO6	pdb/4R3I
pdb/5G4U	pdb/5G4U
pdb/5G4U	pdb/4BW0
pdb/5G4U	pdb/1RLG
pdb/5G4U	pdb/6Q8U
pdb/5G4U	pdb/5G4V
pdb/5G4U	pdb/6HCT
pdb/7OG0	pdb/7OG0
pdb/7OG0	pdb/7OFW
pdb/7OG0	pdb/7OFZ
pdb/6DCL	pdb/6DCL
pdb/6DCL	pdb/5MPL
pdb/6DCL	pdb/5MPG
pdb/6YRQ	pdb/6YRQ
pdb/6YRQ	pdb/6YRB
pdb/5HSW	pdb/5HSW
pdb/5WT1	pdb/5WT1
pdb/5WT1	pdb/5WT3
pdb/2R7S	pdb/2R7S
pdb/2R7S	pdb/2R7T
pdb/2R7S	pdb/2R7U
pdb/2R7S	pdb/2R7R
pdb/2R7S	pdb/2R7V
pdb/2R7S	pdb/2R7W
pdb/5A8L	pdb/5A8L
pdb/6E9F	pdb/6E9F
pdb/6E9F	pdb/6E9E
pdb/4ALP	pdb/4ALP
pdb/2C4Z	pdb/2C4Z
pdb/2C4Z	pdb/2C50
pdb/2C4Z	pdb/2IZ9
pdb/2C4Z	pdb/1ZDJ
pdb/2C4Z	pdb/2BQ5
pdb/2C4Z	pdb/2B2D
pdb/2C4Z	pdb/2BS0
pdb/2C4Z	pdb/1ZSE
pdb/2C4Z	pdb/2IZN
pdb/2C4Z	pdb/5MSF
pdb/2C4Z	pdb/7MSF
pdb/2C4Z	pdb/2C4Y
pdb/2C4Z	pdb/2BS1
pdb/2C4Z	pdb/1AQ4
pdb/2C4Z	pdb/6MSF
pdb/2C4Z	pdb/1ZDH
pdb/2C4Z	pdb/2B2G
pdb/2C4Z	pdb/1U1Y
pdb/2C4Z	pdb/2B2E
pdb/2C4Z	pdb/2C51
pdb/2C4Z	pdb/2IZM
pdb/2C4Z	pdb/2BU1
pdb/2C4Z	pdb/1ZDI
pdb/2C4Z	pdb/2C4Q
pdb/2C4Z	pdb/2IZ8
pdb/2C4Z	pdb/2BNY
pdb/2C4Z	pdb/1AQ3
pdb/2C4Z	pdb/1ZDK
pdb/7Z26	pdb/7Z26
pdb/6O6V	pdb/6O6V
pdb/6O6V	pdb/6O6X
pdb/4N2Q	pdb/4N2Q
pdb/6SY4	pdb/6SY4
pdb/6SY4	pdb/6SY6
pdb/4LMZ	pdb/4LMZ
pdb/4LMZ	pdb/3NNA
pdb/4LMZ	pdb/3NNC
pdb/4LMZ	pdb/3NMR
pdb/2KM8	pdb/2KM8
pdb/2KM8	pdb/2CJK
pdb/1BMV	pdb/1BMV
pdb/1BMV	pdb/1PGL
pdb/3KTW	pdb/3KTW
pdb/6RA4	pdb/6RA4
pdb/6RA4	pdb/1SI3
pdb/4XWW	pdb/4XWW
pdb/3K49	pdb/3K49
pdb/3K49	pdb/3K4E
pdb/5VOE	pdb/5VOE
pdb/5VOE	pdb/5VOF
pdb/2MKI	pdb/2MKI
pdb/2ZKO	pdb/2ZKO
pdb/1FNX	pdb/1FNX
pdb/1FNX	pdb/1G2E
pdb/1FNX	pdb/1FXL
pdb/2I82	pdb/2I82
pdb/1FEU	pdb/1FEU
pdb/2FY1	pdb/2FY1
pdb/2FY1	pdb/2MB0
pdb/4C8Z	pdb/4C8Z
pdb/4C8Z	pdb/4C8Y
pdb/4UE4	pdb/4UE4
pdb/2CV2	pdb/2CV2
pdb/2CV2	pdb/2DXI
pdb/2CV2	pdb/2CV0
pdb/2CV2	pdb/1N78
pdb/2CV2	pdb/1G59
pdb/2CV2	pdb/2CV1
pdb/2CV2	pdb/1N77
pdb/2ADC	pdb/2ADC
pdb/2NR0	pdb/2NR0
pdb/2NR0	pdb/2NRE
pdb/2NR0	pdb/2NQP
pdb/5GJB	pdb/5GJB
pdb/5GJB	pdb/7V2Z
pdb/5DO4	pdb/5DO4
pdb/1H2D	pdb/1H2D
pdb/6PPN	pdb/6PPN
pdb/6PPN	pdb/6PPP
pdb/6PPN	pdb/6PPQ
pdb/6PPN	pdb/6PPV
pdb/3PEW	pdb/3PEW
pdb/3PEW	pdb/3PEY
pdb/3PEW	pdb/5ELX
pdb/5ZQ8	pdb/5ZQ8
pdb/5ZQ8	pdb/5ZQ1
pdb/5ZQ8	pdb/5ZQ0
pdb/5ZQ8	pdb/5ZTH
pdb/5W0M	pdb/5W0M
pdb/5W0M	pdb/5W0O
pdb/2AZX	pdb/2AZX
pdb/2AZX	pdb/2DR2
pdb/2AZX	pdb/2AKE
pdb/5ZTM	pdb/5ZTM
pdb/1WSU	pdb/1WSU
pdb/6AAX	pdb/6AAX
pdb/6AAX	pdb/6AJK
pdb/1Y39	pdb/1Y39
pdb/1Y39	pdb/1QA6
pdb/1Y39	pdb/1HC8
pdb/1EC6	pdb/1EC6
pdb/3QSU	pdb/3QSU
pdb/3QSU	pdb/1KQ2
pdb/4JYZ	pdb/4JYZ
pdb/4JYZ	pdb/1QRU
pdb/4JYZ	pdb/1O0B
pdb/4JYZ	pdb/1O0C
pdb/4JYZ	pdb/2RD2
pdb/4JYZ	pdb/1QRS
pdb/4JYZ	pdb/1EUQ
pdb/4JYZ	pdb/1QRT
pdb/4JYZ	pdb/4JXX
pdb/4JYZ	pdb/1QTQ
pdb/4JYZ	pdb/1GTS
pdb/4JYZ	pdb/1EXD
pdb/4JYZ	pdb/1ZJW
pdb/4JYZ	pdb/1EUY
pdb/4JYZ	pdb/4JXZ
pdb/4JYZ	pdb/2RE8
pdb/4JYZ	pdb/1GTR
pdb/6F4A	pdb/6F4A
pdb/7SP1	pdb/7SP1
pdb/2CZJ	pdb/2CZJ
pdb/2CZJ	pdb/3IYQ
pdb/2CZJ	pdb/3IYR
pdb/2CZJ	pdb/3IZ4
pdb/3AF6	pdb/3AF6
pdb/7SC6	pdb/7SC6
pdb/7SC6	pdb/7SCQ
pdb/6YBV	pdb/6YBV
pdb/3J0L	pdb/3J0L
pdb/3J0L	pdb/3J0O
pdb/1CWP	pdb/1CWP
pdb/3MOJ	pdb/3MOJ
pdb/3T5N	pdb/3T5N
pdb/4ILL	pdb/4ILL
pdb/4QI2	pdb/4QI2
pdb/4QI2	pdb/6TQB
pdb/4QI2	pdb/4ZLD
pdb/4QI2	pdb/5F5H
pdb/4QI2	pdb/5F5F
pdb/4QI2	pdb/6TQA
pdb/2M8D	pdb/2M8D
pdb/7K9M	pdb/7K9M
pdb/7K9M	pdb/7KAB
pdb/2JLV	pdb/2JLV
pdb/2JLV	pdb/2JLU
pdb/2JLV	pdb/2JLY
pdb/2JLV	pdb/2JLZ
pdb/2JLV	pdb/5XC6
pdb/2JLV	pdb/2JLX
pdb/2JLV	pdb/2JLW
pdb/5ZC9	pdb/5ZC9
pdb/5ZC9	pdb/6XKI
pdb/1OB2	pdb/1OB2
pdb/5ZUU	pdb/5ZUU
pdb/1MJI	pdb/1MJI
pdb/6NY5	pdb/6NY5
pdb/3WC2	pdb/3WC2
pdb/3WC2	pdb/3WC1
pdb/4ERD	pdb/4ERD
pdb/3QJJ	pdb/3QJJ
pdb/3QJJ	pdb/3QJP
pdb/3QJJ	pdb/3QJL
pdb/7JL1	pdb/7JL1
pdb/7JL1	pdb/4AY2
pdb/7JL1	pdb/3ZD7
pdb/7JL1	pdb/7TNZ
pdb/7JL1	pdb/5E3H
pdb/7JL1	pdb/8DVS
pdb/7JL1	pdb/8DVU
pdb/7JL1	pdb/7TO2
pdb/7JL1	pdb/7TO0
pdb/7JL1	pdb/7TNX
pdb/7JL1	pdb/4BPB
pdb/7JL1	pdb/8DVR
pdb/7JL1	pdb/7TO1
pdb/7JL1	pdb/2YKG
pdb/7JL1	pdb/3ZD6
pdb/7JL1	pdb/6GPG
pdb/7JL1	pdb/7TNY
pdb/4YVK	pdb/4YVK
pdb/4YVK	pdb/4YVJ
pdb/4YVK	pdb/4YVI
pdb/7YYN	pdb/7YYN
pdb/7YYN	pdb/7ZPI
pdb/4LJ0	pdb/4LJ0
pdb/5KAL	pdb/5KAL
pdb/7NQ4	pdb/7NQ4
pdb/4NGF	pdb/4NGF
pdb/4NGF	pdb/4NH5
pdb/4NGF	pdb/4NGC
pdb/4NGF	pdb/4NH6
pdb/4NGF	pdb/4NGD
pdb/4NGF	pdb/4NGB
pdb/4NGF	pdb/4NGG
pdb/4NGF	pdb/4NHA
pdb/4NGF	pdb/4NH3
pdb/3IAB	pdb/3IAB
pdb/2FMT	pdb/2FMT
pdb/2ADB	pdb/2ADB
pdb/5M73	pdb/5M73
pdb/5M73	pdb/4P3E
pdb/3Q1Q	pdb/3Q1Q
pdb/3Q1Q	pdb/3Q1R
pdb/4DB2	pdb/4DB2
pdb/6M6S	pdb/6M6S
pdb/6M6S	pdb/6M6R
pdb/4WTJ	pdb/4WTJ
pdb/4WTJ	pdb/4WTM
pdb/4WTJ	pdb/4WTI
pdb/4WTJ	pdb/4WTE
pdb/4WTJ	pdb/4WTD
pdb/4WTJ	pdb/4WTK
pdb/4WTJ	pdb/4WTF
pdb/4WTJ	pdb/4WTC
pdb/4WTJ	pdb/4WTG
pdb/4WTJ	pdb/4WTL
pdb/4WTJ	pdb/4WTA
pdb/4WTJ	pdb/5UJ2
pdb/4WTJ	pdb/4E78
pdb/6BJV	pdb/6BJV
pdb/6BJV	pdb/6BJG
pdb/6BJV	pdb/4KQ0
pdb/6BJV	pdb/6BJH
pdb/6BJV	pdb/1RPU
pdb/6BJV	pdb/4JK0
pdb/6BJV	pdb/4JNX
pdb/6BJV	pdb/4J39
pdb/6BJV	pdb/4KTG
pdb/6BJV	pdb/4J5V
pdb/6BJV	pdb/4JGN
pdb/6BJV	pdb/4KNQ
pdb/6BJV	pdb/1R9F
pdb/7E8O	pdb/7E8O
pdb/3FHT	pdb/3FHT
pdb/3FHT	pdb/3G0H
pdb/6WLH	pdb/6WLH
pdb/5FJ4	pdb/5FJ4
pdb/5FJ4	pdb/1VC0
pdb/5FJ4	pdb/3P49
pdb/5FJ4	pdb/1SJF
pdb/5FJ4	pdb/3BO2
pdb/5FJ4	pdb/7D7V
pdb/5FJ4	pdb/3BO3
pdb/5FJ4	pdb/3IRW
pdb/5FJ4	pdb/1VC6
pdb/5FJ4	pdb/3UCU
pdb/5FJ4	pdb/3MUR
pdb/5FJ4	pdb/4PRF
pdb/5FJ4	pdb/1ZZN
pdb/5FJ4	pdb/6XH2
pdb/5FJ4	pdb/1U6B
pdb/5FJ4	pdb/3MUT
pdb/5FJ4	pdb/6CMN
pdb/5FJ4	pdb/4W92
pdb/5FJ4	pdb/6XH1
pdb/5FJ4	pdb/3MUM
pdb/5FJ4	pdb/4W90
pdb/5FJ4	pdb/2OIH
pdb/5FJ4	pdb/3MXH
pdb/5FJ4	pdb/1VBY
pdb/5FJ4	pdb/7QR4
pdb/5FJ4	pdb/1SJ4
pdb/5FJ4	pdb/1VBX
pdb/5FJ4	pdb/1DRZ
pdb/5FJ4	pdb/3MUV
pdb/5FJ4	pdb/1AUD
pdb/5FJ4	pdb/1SJ3
pdb/5FJ4	pdb/3EGZ
pdb/5FJ4	pdb/3UCZ
pdb/5FJ4	pdb/6XH3
pdb/5FJ4	pdb/4YB1
pdb/5FJ4	pdb/2OJ3
pdb/5FJ4	pdb/6XH0
pdb/5FJ4	pdb/3UD4
pdb/5FJ4	pdb/1VC5
pdb/5FJ4	pdb/4PR6
pdb/5FJ4	pdb/3UD3
pdb/5FJ4	pdb/1VBZ
pdb/5FJ4	pdb/3R1H
pdb/5FJ4	pdb/3R1L
pdb/5FJ4	pdb/3HHN
pdb/5FJ4	pdb/1M5O
pdb/5FJ4	pdb/5DDP
pdb/5FJ4	pdb/7QR3
pdb/5FJ4	pdb/3IWN
pdb/5FJ4	pdb/4C4W
pdb/5BZ1	pdb/5BZ1
pdb/5BZ1	pdb/5BZ5
pdb/5BZ1	pdb/5BYM
pdb/5BZ1	pdb/5BZU
pdb/5BZ1	pdb/5BZV
pdb/1U63	pdb/1U63
pdb/4ATO	pdb/4ATO
pdb/2X7N	pdb/2X7N
pdb/2MZ1	pdb/2MZ1
pdb/2MZ1	pdb/2MXY
pdb/5E6M	pdb/5E6M
pdb/5E6M	pdb/4KR2
pdb/5E6M	pdb/4KR3
pdb/5E6M	pdb/4QEI
pdb/5WWR	pdb/5WWR
pdb/5WWR	pdb/5WWT
pdb/5WWR	pdb/5WWS
pdb/1A1T	pdb/1A1T
pdb/1A1T	pdb/1F6U
pdb/2RQC	pdb/2RQC
pdb/2RQC	pdb/5M8I
pdb/2L3J	pdb/2L3J
pdb/2L3J	pdb/2L3C
pdb/1D6K	pdb/1D6K
pdb/1D6K	pdb/1DFU
pdb/2J37	pdb/2J37
pdb/5O1Z	pdb/5O1Z
pdb/5O1Z	pdb/5O20
pdb/3ADI	pdb/3ADI
pdb/4UE5	pdb/4UE5
pdb/4UE5	pdb/1JID
pdb/6YTF	pdb/6YTF
pdb/6YTF	pdb/6YS5
pdb/1DDL	pdb/1DDL
pdb/6HYU	pdb/6HYU
pdb/5TSN	pdb/5TSN
pdb/5TSN	pdb/3BSO
pdb/5TSN	pdb/4QPX
pdb/5TSN	pdb/3BSN
pdb/5TSN	pdb/3H5X
pdb/5TSN	pdb/3H5Y
pdb/5BUD	pdb/5BUD
pdb/5OSG	pdb/5OSG
pdb/3IZY	pdb/3IZY
pdb/1F8V	pdb/1F8V
pdb/2Q66	pdb/2Q66
pdb/6LXD	pdb/6LXD
pdb/3RC8	pdb/3RC8
pdb/2F8K	pdb/2F8K
pdb/2F8K	pdb/2ESE
pdb/2F8K	pdb/2B6G
pdb/3BX2	pdb/3BX2
pdb/3BX2	pdb/3BX3
pdb/3BX2	pdb/4DZS
pdb/2N82	pdb/2N82
pdb/2N82	pdb/7VRL
pdb/2N82	pdb/2ERR
pdb/5DV7	pdb/5DV7
pdb/7BAI	pdb/7BAI
pdb/7BAI	pdb/7BAH
pdb/7BAI	pdb/3OG8
pdb/7BAI	pdb/3LRN
pdb/7BAI	pdb/3LRR
pdb/7BAI	pdb/3NCU
pdb/3J5Y	pdb/3J5Y
pdb/3J5Y	pdb/4D5N
pdb/4Z92	pdb/4Z92
pdb/4Z92	pdb/5MJV
pdb/4XBF	pdb/4XBF
pdb/2MS0	pdb/2MS0
pdb/2MS0	pdb/1WWE
pdb/2MS0	pdb/1WWD
pdb/2MS0	pdb/1WWF
pdb/2MS0	pdb/1U6P
pdb/2MS0	pdb/2MS1
pdb/2MS0	pdb/2MQV
pdb/2MS0	pdb/1WWG
pdb/2MKK	pdb/2MKK
pdb/6C4H	pdb/6C4H
pdb/2KG1	pdb/2KG1
pdb/6IS0	pdb/6IS0
pdb/1T0K	pdb/1T0K
pdb/7EIU	pdb/7EIU
pdb/7EIU	pdb/6YYM
pdb/6UV1	pdb/6UV1
pdb/6UV1	pdb/6UV3
pdb/6UV1	pdb/6UV2
pdb/6UV1	pdb/6UV4
pdb/3IZZ	pdb/3IZZ
pdb/5WWF	pdb/5WWF
pdb/5WWF	pdb/5WWG
pdb/5WWF	pdb/5HO4
pdb/5WWF	pdb/5EN1
pdb/5WWF	pdb/5WWE
pdb/1RKJ	pdb/1RKJ
pdb/1RKJ	pdb/1FJE
pdb/7NDJ	pdb/7NDJ
pdb/7NDJ	pdb/6SJD
pdb/1EFW	pdb/1EFW
pdb/1E7K	pdb/1E7K
pdb/6GC5	pdb/6GC5
pdb/6GC5	pdb/6GD3
pdb/6GC5	pdb/6G2K
pdb/6GC5	pdb/6GD2
pdb/4X4O	pdb/4X4O
pdb/4X4O	pdb/2ZH4
pdb/4X4O	pdb/2ZHB
pdb/4X4O	pdb/2ZH5
pdb/4X4O	pdb/2ZH8
pdb/4X4O	pdb/2ZH2
pdb/4X4O	pdb/2DR8
pdb/4X4O	pdb/2DR9
pdb/4X4O	pdb/2DR5
pdb/4X4O	pdb/2ZHA
pdb/4X4O	pdb/2ZH1
pdb/4X4O	pdb/2DR7
pdb/4X4O	pdb/1SZ1
pdb/4X4O	pdb/2ZH9
pdb/4X4O	pdb/2DRA
pdb/4X4O	pdb/2ZH3
pdb/4X4O	pdb/2ZH6
pdb/4X4O	pdb/2DRB
pdb/4X4O	pdb/2ZH7
pdb/4X4O	pdb/3OUY
pdb/4X4O	pdb/3OV7
pdb/4X4O	pdb/3OVS
pdb/4X4O	pdb/3OVB
pdb/4X4O	pdb/3OVA
pdb/4X4O	pdb/4X4R
pdb/4X4O	pdb/4X4S
pdb/4X4O	pdb/4X4Q
pdb/4X4O	pdb/4X4V
pdb/4X4O	pdb/2DVI
pdb/5TF6	pdb/5TF6
pdb/8GNA	pdb/8GNA
pdb/5NS4	pdb/5NS4
pdb/5NS4	pdb/5NS3
pdb/3AEV	pdb/3AEV
pdb/7BGE	pdb/7BGE
pdb/1ZE2	pdb/1ZE2
pdb/1ZE2	pdb/2AB4
pdb/1ZE2	pdb/1R3E
pdb/2BH2	pdb/2BH2
pdb/4GHL	pdb/4GHL
pdb/4GHL	pdb/4GHA
pdb/5FN1	pdb/5FN1
pdb/5ELH	pdb/5ELH
pdb/6G99	pdb/6G99
pdb/4ANG	pdb/4ANG
pdb/1M8Y	pdb/1M8Y
pdb/1M8Y	pdb/3Q0L
pdb/1M8Y	pdb/3BSX
pdb/1M8Y	pdb/1M8X
pdb/1M8Y	pdb/3Q0O
pdb/1M8Y	pdb/3BSB
pdb/1M8Y	pdb/3Q0P
pdb/1M8Y	pdb/3Q0N
pdb/1M8Y	pdb/3Q0R
pdb/1M8Y	pdb/3Q0Q
pdb/1M8Y	pdb/3Q0S
pdb/1M8Y	pdb/2YJY
pdb/1M8Y	pdb/3Q0M
pdb/1M8Y	pdb/1M8W
pdb/7QE0	pdb/7QE0
pdb/6IV9	pdb/6IV9
pdb/1RGO	pdb/1RGO
pdb/1QF6	pdb/1QF6
pdb/2VNU	pdb/2VNU
pdb/6F4H	pdb/6F4H
pdb/7C45	pdb/7C45
pdb/2DLC	pdb/2DLC
pdb/5H1L	pdb/5H1L
pdb/5H1L	pdb/5GXH
pdb/4MDX	pdb/4MDX
pdb/2GXB	pdb/2GXB
pdb/6X5N	pdb/6X5N
pdb/6X5N	pdb/6X5M
pdb/6X5N	pdb/6U8D
pdb/6X5N	pdb/4KZD
pdb/6X5N	pdb/4KZE
pdb/6X5N	pdb/6B3K
pdb/6X5N	pdb/6B14
pdb/6X5N	pdb/4Q9Q
pdb/6X5N	pdb/5E08
pdb/6X5N	pdb/7SZU
pdb/6X5N	pdb/4Q9R
pdb/6X5N	pdb/6DB9
pdb/6X5N	pdb/7U0Y
pdb/6X5N	pdb/7MLX
pdb/6X5N	pdb/8DK7
pdb/6M7D	pdb/6M7D
pdb/7L48	pdb/7L48
pdb/2GO5	pdb/2GO5
pdb/2GO5	pdb/1MFQ
pdb/4H5P	pdb/4H5P
pdb/1C04	pdb/1C04
pdb/6FQL	pdb/6FQL
pdb/6FQL	pdb/6FQ3
pdb/3J5S	pdb/3J5S
pdb/1A34	pdb/1A34
pdb/1A34	pdb/4OQ8
pdb/8HJ4	pdb/8HJ4
pdb/8HJ4	pdb/6JDQ
pdb/4OHZ	pdb/4OHZ
pdb/4V2S	pdb/4V2S
pdb/4V2S	pdb/3GIB
pdb/4V2S	pdb/5NEW
pdb/4V2S	pdb/4HT9
pdb/4V2S	pdb/3RER
pdb/4V2S	pdb/4HT8
pdb/7AF3	pdb/7AF3
pdb/2KFY	pdb/2KFY
pdb/6B0B	pdb/6B0B
pdb/6B0B	pdb/6BBO
pdb/1UN6	pdb/1UN6
pdb/1UN6	pdb/2HGH
pdb/5ELS	pdb/5ELS
pdb/5ELS	pdb/5ELR
pdb/5ELS	pdb/5ELT
pdb/5ELS	pdb/5EMO
pdb/4NL3	pdb/4NL3
pdb/4TZZ	pdb/4TZZ
pdb/4TZZ	pdb/4TZW
pdb/4TZZ	pdb/4TZP
pdb/4TZZ	pdb/4LCK
pdb/4TZZ	pdb/4TZV
pdb/4TZZ	pdb/3V7E
pdb/4YCO	pdb/4YCO
pdb/4YCO	pdb/4YCP
pdb/2LEC	pdb/2LEC
pdb/2LEC	pdb/2LEB
pdb/7A9X	pdb/7A9X
pdb/7A9X	pdb/7A9W
pdb/4EYA	pdb/4EYA
pdb/6ZDQ	pdb/6ZDQ
pdb/4FVU	pdb/4FVU
pdb/4FVU	pdb/4G9Z
pdb/4FVU	pdb/4GV3
pdb/4FVU	pdb/4GV9
pdb/4FVU	pdb/4GV6
pdb/2N7C	pdb/2N7C
pdb/3G9Y	pdb/3G9Y
pdb/4WKR	pdb/4WKR
pdb/5YKI	pdb/5YKI
pdb/6P7P	pdb/6P7P
pdb/6P7P	pdb/6P7Q
pdb/7X34	pdb/7X34
pdb/3BO1	pdb/3BO1
pdb/3BO1	pdb/3BO0
pdb/3BO1	pdb/3DKN
pdb/4JNG	pdb/4JNG
pdb/4S3N	pdb/4S3N
pdb/6VRC	pdb/6VRC
pdb/2C06	pdb/2C06
pdb/6CYT	pdb/6CYT
pdb/6CYT	pdb/5L1Z
pdb/3PKM	pdb/3PKM
pdb/6DU4	pdb/6DU4
pdb/6DU4	pdb/6DU5
pdb/4A36	pdb/4A36
pdb/4O8J	pdb/4O8J
pdb/7UIM	pdb/7UIM
pdb/3EQT	pdb/3EQT
pdb/7KX9	pdb/7KX9
pdb/7KX9	pdb/7KX7
pdb/7Z52	pdb/7Z52
pdb/3A2K	pdb/3A2K
pdb/6XJW	pdb/6XJW
pdb/6XJW	pdb/6XJQ
pdb/6XJW	pdb/2R8S
pdb/6XJW	pdb/6DB8
pdb/6XJW	pdb/6MWN
pdb/6XJW	pdb/6XJY
pdb/6XJW	pdb/6XJZ
pdb/4ARI	pdb/4ARI
pdb/4ARI	pdb/3ZJU
pdb/4ARI	pdb/3ZJT
pdb/4ARI	pdb/4ARC
pdb/4ARI	pdb/3ZJV
pdb/4ARI	pdb/4AS1
pdb/4N48	pdb/4N48
pdb/6F4G	pdb/6F4G
pdb/2PJP	pdb/2PJP
pdb/3J46	pdb/3J46
pdb/5M0J	pdb/5M0J
pdb/5M0J	pdb/5M0I
pdb/1RY1	pdb/1RY1
pdb/4PMI	pdb/4PMI
pdb/2ZUE	pdb/2ZUE
pdb/2ZUE	pdb/2ZUF
pdb/1J1U	pdb/1J1U
pdb/8E4X	pdb/8E4X
pdb/8E4X	pdb/2L2K
pdb/8E4X	pdb/8E0F
pdb/8E4X	pdb/5ED2
pdb/8E4X	pdb/6D06
pdb/8E4X	pdb/6VFF
pdb/8E4X	pdb/7KFN
pdb/8E4X	pdb/5ED1
pdb/8E4X	pdb/5HP2
pdb/8E4X	pdb/5HP3
pdb/4CXH	pdb/4CXH
pdb/4CXH	pdb/4CXG
pdb/2DU3	pdb/2DU3
pdb/2DU3	pdb/2DU5
pdb/2DU3	pdb/2DU6
pdb/2DU3	pdb/2DU4
pdb/3TUP	pdb/3TUP
pdb/2XLK	pdb/2XLK
pdb/2XLK	pdb/4AL5
pdb/2XLK	pdb/2XLI
pdb/2XLK	pdb/4AL6
pdb/2XLK	pdb/2XLJ
pdb/2XLK	pdb/4AL7
pdb/3S4G	pdb/3S4G
pdb/7ZHH	pdb/7ZHH
pdb/3KS8	pdb/3KS8
pdb/3KS8	pdb/3L25
pdb/3KS8	pdb/3L26
pdb/3KS8	pdb/4LG2
pdb/4A2X	pdb/4A2X
pdb/7KJT	pdb/7KJT
pdb/4QIK	pdb/4QIK
pdb/4QIK	pdb/4QIL
pdb/4QIK	pdb/4Z31
pdb/7MRL	pdb/7MRL
pdb/1XOK	pdb/1XOK
pdb/4D26	pdb/4D26
pdb/4D26	pdb/4D25
pdb/5Z9X	pdb/5Z9X
pdb/5AXN	pdb/5AXN
pdb/5AXN	pdb/5AXM
pdb/6JC3	pdb/6JC3
pdb/1ZHO	pdb/1ZHO
pdb/1ZHO	pdb/2HW8
pdb/1ZHO	pdb/4QG3
pdb/1ZHO	pdb/3U56
pdb/1ZHO	pdb/3U4M
pdb/1ZHO	pdb/3UMY
pdb/1ZHO	pdb/5NPM
pdb/1ZHO	pdb/4QVI
pdb/8B6Z	pdb/8B6Z
pdb/5WWX	pdb/5WWX
pdb/2NOQ	pdb/2NOQ
pdb/3J0D	pdb/3J0D
pdb/3J45	pdb/3J45
pdb/5IP2	pdb/5IP2
pdb/5WQE	pdb/5WQE
pdb/5WQE	pdb/5U34
pdb/6HPJ	pdb/6HPJ
pdb/4IG8	pdb/4IG8
pdb/1H3E	pdb/1H3E
pdb/4RQF	pdb/4RQF
pdb/4RQF	pdb/4RQE
pdb/2MQP	pdb/2MQP
pdb/5AOX	pdb/5AOX
pdb/5AOX	pdb/4UYK
pdb/5AOX	pdb/1E8O
pdb/5AOX	pdb/4UYJ
pdb/4ED5	pdb/4ED5
pdb/4M7D	pdb/4M7D
pdb/4M7D	pdb/4M7A
pdb/3RW6	pdb/3RW6
pdb/7Q4L	pdb/7Q4L
pdb/8E40	pdb/8E40
pdb/5D0B	pdb/5D0B
pdb/5D0B	pdb/5T8Y
pdb/6SO9	pdb/6SO9
pdb/5VSU	pdb/5VSU
pdb/5VSU	pdb/2KH9
pdb/5VSU	pdb/4N0T
pdb/5VSU	pdb/6ASO
pdb/6HAU	pdb/6HAU
pdb/7XWZ	pdb/7XWZ
pdb/7XWZ	pdb/7ACS
pdb/7XWZ	pdb/7ACT
pdb/6E4P	pdb/6E4P
pdb/3I61	pdb/3I61
pdb/3I61	pdb/4TYW
pdb/3I61	pdb/4TZ0
pdb/3I61	pdb/3SQW
pdb/3I61	pdb/4TZ6
pdb/3I61	pdb/3I5Y
pdb/3I61	pdb/4TYY
pdb/3I61	pdb/3I5X
pdb/3I61	pdb/3SQX
pdb/3I61	pdb/3I62
pdb/8CX0	pdb/8CX0
pdb/2XBM	pdb/2XBM
pdb/3J0E	pdb/3J0E
pdb/7K9E	pdb/7K9E
pdb/7K9E	pdb/7KKV
pdb/7K9E	pdb/7K9D
pdb/7PDV	pdb/7PDV
pdb/5WTY	pdb/5WTY
pdb/5WTY	pdb/6WPI
pdb/1J2B	pdb/1J2B
pdb/8D4B	pdb/8D4B
pdb/8D4B	pdb/8D49
pdb/4J1G	pdb/4J1G
pdb/3VYY	pdb/3VYY
pdb/6CF2	pdb/6CF2
pdb/6NME	pdb/6NME
pdb/6NME	pdb/6P7M
pdb/4LGT	pdb/4LGT
pdb/1L1C	pdb/1L1C
pdb/5JB2	pdb/5JB2
pdb/5JB2	pdb/5JBG
pdb/5JB2	pdb/5JAJ
pdb/5JB2	pdb/5JBJ
pdb/2E9T	pdb/2E9T
pdb/2E9T	pdb/2E9Z
pdb/2E9T	pdb/1WNE
pdb/2E9T	pdb/4X2B
pdb/2E9T	pdb/3KMS
pdb/2E9T	pdb/4IQX
pdb/2E9T	pdb/6GVY
pdb/2E9T	pdb/3KOA
pdb/2E9T	pdb/3NMA
pdb/2E9T	pdb/3KLV
pdb/2E9T	pdb/4WZQ
pdb/2E9T	pdb/4WZM
pdb/2E9T	pdb/3KMQ
pdb/2E9T	pdb/3KNA
pdb/2E9T	pdb/5JXS
pdb/2E9T	pdb/3NL0
pdb/2E9T	pdb/2E9R
pdb/2E9T	pdb/2EC0
pdb/7U2B	pdb/7U2B
pdb/7U2B	pdb/7U2A
pdb/6IJ2	pdb/6IJ2
pdb/7OG6	pdb/7OG6
pdb/1I5L	pdb/1I5L
pdb/2L5D	pdb/2L5D
pdb/2L5D	pdb/3O7V
pdb/2L5D	pdb/3O3I
pdb/2L5D	pdb/3O6E
pdb/5WZJ	pdb/5WZJ
pdb/5WZJ	pdb/5WZI
pdb/5WZJ	pdb/5WZG
pdb/5WZJ	pdb/5WZH
pdb/5WZJ	pdb/5WZK
pdb/2PLY	pdb/2PLY
pdb/2PLY	pdb/2UWM
pdb/1M8V	pdb/1M8V
pdb/1QFQ	pdb/1QFQ
pdb/7S37	pdb/7S37
pdb/4R8I	pdb/4R8I
pdb/4TUW	pdb/4TUW
pdb/4TUW	pdb/4TUX
pdb/8D9K	pdb/8D9K
pdb/8D9K	pdb/8CTH
pdb/8D9K	pdb/8CTI
pdb/1HJI	pdb/1HJI
pdb/6L5N	pdb/6L5N
pdb/2MF1	pdb/2MF1
pdb/2MF1	pdb/2MFE
pdb/2MF1	pdb/2MFH
pdb/2MF1	pdb/2MF0
pdb/2MF1	pdb/2MFC
pdb/2MF1	pdb/2MFF
pdb/2MF1	pdb/2MFG
pdb/2MF1	pdb/2JPP
pdb/7P0V	pdb/7P0V
pdb/4C7O	pdb/4C7O
pdb/1S03	pdb/1S03
pdb/3ADB	pdb/3ADB
pdb/3ADB	pdb/3ADC
pdb/3ADB	pdb/3ADD
pdb/3ADB	pdb/3AM1
pdb/4KRF	pdb/4KRF
pdb/4KRF	pdb/4KXT
pdb/4KRF	pdb/4W5N
pdb/4KRF	pdb/5JS1
pdb/4KRF	pdb/5W6V
pdb/4KRF	pdb/5T7B
pdb/4KRF	pdb/5JS2
pdb/4KRF	pdb/4F3T
pdb/4KRF	pdb/4KRE
pdb/4KRF	pdb/4W5T
pdb/4KRF	pdb/4W5Q
pdb/4KRF	pdb/4OLB
pdb/4KRF	pdb/4Z4I
pdb/4KRF	pdb/4Z4F
pdb/4KRF	pdb/6MFN
pdb/4KRF	pdb/4Z4G
pdb/4KRF	pdb/6CBD
pdb/4KRF	pdb/4Z4E
pdb/4KRF	pdb/4Z4D
pdb/4KRF	pdb/4W5R
pdb/4KRF	pdb/5WEA
pdb/4KRF	pdb/4OLA
pdb/4KRF	pdb/4Z4C
pdb/4KRF	pdb/4W5O
pdb/4KRF	pdb/4Z4H
pdb/4KRF	pdb/5KI6
pdb/4KRF	pdb/6N4O
pdb/4KRF	pdb/6OON
pdb/3DEG	pdb/3DEG
pdb/4C9D	pdb/4C9D
pdb/2IX1	pdb/2IX1
pdb/6C6K	pdb/6C6K
pdb/6C6K	pdb/5W5H
pdb/6C6K	pdb/5W5I
pdb/2GJE	pdb/2GJE
pdb/2Y8W	pdb/2Y8W
pdb/2Y8W	pdb/3QRP
pdb/2Y8W	pdb/3QRR
pdb/2Y8W	pdb/2Y8Y
pdb/4QU7	pdb/4QU7
pdb/5JRC	pdb/5JRC
pdb/7UXA	pdb/7UXA
pdb/2XS5	pdb/2XS5
pdb/2XS5	pdb/2XS2
pdb/2IHX	pdb/2IHX
pdb/3VJR	pdb/3VJR
pdb/5X6B	pdb/5X6B
pdb/3R2C	pdb/3R2C
pdb/3R2C	pdb/3R2D
pdb/4B8T	pdb/4B8T
pdb/6U9X	pdb/6U9X
pdb/3FOZ	pdb/3FOZ
pdb/3FOZ	pdb/2ZM5
pdb/3FOZ	pdb/2ZXU
pdb/1MMS	pdb/1MMS
pdb/1MMS	pdb/2JQ7
pdb/1MMS	pdb/1OLN
pdb/6VRD	pdb/6VRD
pdb/2PY9	pdb/2PY9
pdb/1EKZ	pdb/1EKZ
pdb/4F02	pdb/4F02
pdb/7M5O	pdb/7M5O
pdb/5GUH	pdb/5GUH
pdb/4YHW	pdb/4YHW
pdb/7ZEW	pdb/7ZEW
pdb/7ZEW	pdb/7ZEX
pdb/4JVY	pdb/4JVY
pdb/4JVY	pdb/2MJH
pdb/7VKL	pdb/7VKL
pdb/7JYY	pdb/7JYY
pdb/7JYY	pdb/7JZ0
pdb/7JYY	pdb/7L6T
pdb/7JYY	pdb/7L6R
pdb/2XZO	pdb/2XZO
pdb/6R9J	pdb/6R9J
pdb/7Q33	pdb/7Q33
pdb/6HTU	pdb/6HTU
pdb/4QM6	pdb/4QM6
pdb/7SVA	pdb/7SVA
pdb/7SVA	pdb/7SWF
pdb/7SVA	pdb/7SWQ
pdb/6PZQ	pdb/6PZQ
pdb/5Z9W	pdb/5Z9W
pdb/5Z9W	pdb/6NUT
pdb/4RWN	pdb/4RWN
pdb/4RWN	pdb/4RWP
pdb/4RWN	pdb/4RWO
pdb/2HT1	pdb/2HT1
pdb/3HAY	pdb/3HAY
pdb/3HAY	pdb/3LWV
pdb/3HAY	pdb/3LWP
pdb/3HAY	pdb/3LWO
pdb/3HAY	pdb/3LWR
pdb/3HAY	pdb/3HAX
pdb/3HAY	pdb/2HVY
pdb/3HAY	pdb/3HJY
pdb/3HAY	pdb/3LWQ
pdb/3HAY	pdb/3HJW
pdb/3HAY	pdb/3MQK
pdb/3HAY	pdb/2RFK
pdb/7NUQ	pdb/7NUQ
pdb/7NUQ	pdb/7NUN
pdb/7NUQ	pdb/7BG6
pdb/4ZLR	pdb/4ZLR
pdb/4ZLR	pdb/5EX7
pdb/1YTU	pdb/1YTU
pdb/1YTU	pdb/2BGG
pdb/5C0Y	pdb/5C0Y
